Term,Df,SumOfSqs,R2,F,Pr(>F)
Model,8,4.160880941,0.500275084,4.004403769,0.001
Residual,32,4.156305089,0.499724916,,
Total,40,8.31718603,1,,
