,Df,SumOfSqs,R2,F,Pr(>F)
Model,8,5.059465028,0.377186501,2.34676624,0.001
Residual,31,8.354230879,0.622813499,,
Total,39,13.41369591,1,,
