size.class,kruskal_p,significance
1,0.112103758,
2,0.003216973,**
3,0.008989433,**
4,0.003097146,**
5,0.025840806,*
6,0.001932475,**
7,0.036476994,*
8,0.004212173,**
9,0.000839333,***
10,0.000184776,***
