,Df,Sum Sq,Mean Sq,F value,Pr(>F)
Groups,8,0.507753562,0.063469195,4.994711908,0.000488876
Residuals,31,0.393925634,0.012707279,,
