chi_sq,df,p_value
16.02372294,8,0.04204182
