Term,Df,Sum Sq,Mean Sq,F value,Pr(>F)
Groups,8,0.141606775,0.017700847,7.103823837,1.96E-05
Residuals,33,0.082227257,0.002491735,,
