Term,Df,Sum Sq,Mean Sq,F value,Pr(>F)
Groups,8,0.332177908,0.041522239,1.712152262,0.133691364
Residuals,32,0.776047588,0.024251487,,
