Term,Df,SumOfSqs,R2,F,Pr(>F)
Model,8,5.10061247,0.258232467,1.436041453,0.001
Residual,33,14.65140605,0.741767533,,
Total,41,19.75201852,1,,
