"Art","W","p_value","n"
"PC",0.973153975012316,0.895083851913761,5
"Cervidellus",NA,NA,2
"Acrobeles sp.",0.814681724845996,0.150052910133962,3
"Mesorhabditis",0.954238160568159,0.767401270696459,5
"Acrobeloides",0.923076923076923,0.463262874933795,3
"A. emmatus",0.857806447430068,0.181766676575969,6
"A. mariannae",0.819559776903989,0.0874815570956918,6
"Stegelleta",0.947240140493534,0.71788730350711,6
"Stegelletina",0.988753370371478,0.985915877207305,6
